{"x":3.834864049170454,"y":-3.1567240494506303,"z":0.297170854465774}
